date,open,high,low,close,volume
2016-09-26,23.883436038956507,23.883436038956507,23.22578607062833,23.71879150390625,273165
2016-10-03,23.743725817223392,24.866301633335027,23.743725817223392,24.542001953125,849367
2016-10-10,24.631811877057785,25.006612910833883,24.34742595909297,24.76652099609375,1040021
2016-10-17,24.6667370426062,24.9311660602555,24.6018770948809,24.7814892578125,692981
2016-10-24,24.82140380859375,24.976069842375942,24.55986892447831,24.82140380859375,1121736
2016-10-31,24.61684435607111,24.766521155966153,23.52420371683731,23.6189990234375,889063
2016-11-07,23.793617616554638,24.370572364764335,23.289705815491104,23.4044580078125,589939
2016-11-14,23.75869336103688,23.75869336103688,23.29289992048091,23.4543505859375,1570541
2016-11-21,23.489277834432464,23.534180871923944,23.07921360994497,23.33461181640625,646487
2016-11-28,23.289701193197324,23.544151656105008,22.730908019753002,22.8506494140625,1043492
2016-12-05,22.636118116720805,23.97961580753898,22.636118116720805,23.92832763671875,588093
2016-12-12,23.98346577444655,24.357661724744762,23.79387315962879,24.22045654296875,531375
2016-12-19,24.252889788578646,24.79238004381491,24.193018429298057,24.77177490234375,395637
2016-12-26,24.771777843195323,24.951391942360484,24.691700865119707,24.876552734375,1448653
2017-01-02,24.8765429601002,25.355513703014285,24.8765429601002,25.34802978515625,977614
2017-01-09,25.540121046778978,25.892564422937973,25.38545338660118,25.77711181640625,553999
2017-01-16,25.959207146850154,25.9971261377006,25.225783458480564,25.4153759765625,1880776
2017-01-23,25.180887307077825,25.419373832763632,25.021230403208893,25.27568359375,1246616
2017-01-30,25.051170645084472,25.470270094235456,24.85708817312861,25.4528076171875,1087293
2017-02-06,25.225787915426586,25.44831018688305,24.87154920063322,25.14595947265625,447372
2017-02-13,25.150959837458593,25.555091507134083,25.150959837458593,25.51018798828125,608329
2017-02-20,25.5950010553518,25.62294150475176,25.04378561350133,25.23078369140625,406914
2017-02-27,25.42037373275626,26.263561791801564,25.32613532528108,26.198701171875,5214885
2017-03-06,26.128856941718077,26.737549045382316,26.08894270541223,26.68765625,513521
2017-03-13,26.50335933853048,26.972357037668633,26.499666059608167,26.7203955078125,2578129
2017-03-20,26.673006260505808,26.951062025178615,26.15331593133418,26.5283154296875,1124234
2017-03-27,26.223972207145557,26.962394560010384,26.223972207145557,26.42853515625,1331969
2017-04-03,26.583201208270903,26.717913376556062,26.258894136473305,26.64057861328125,929451
2017-04-10,26.60814023343012,26.64406444242751,25.59031525544029,26.29880126953125,631600
2017-04-17,26.29881201699543,26.34212036667207,25.6001046251993,25.8547607421875,823742
2017-04-24,25.211127735299364,27.201873820077605,25.211127735299364,26.88255615234375,525295
2017-05-01,26.882559688468405,27.775651407888567,26.882559688468405,27.77315673828125,472511
2017-05-08,27.790626374576945,27.8255517578125,27.38274779179029,27.8255517578125,1197384
2017-05-15,27.735726447096017,28.25102413887666,27.255254232719103,27.86544921875,1063537
2017-05-22,27.970227768288883,28.5040869140625,27.924225001743707,28.5040869140625,1453398
2017-05-29,28.504096911676328,28.766137122865175,27.99518427645998,28.6687451171875,818378
2017-06-05,28.61884595300261,28.86332354221062,28.08822931041004,28.66375,2483977
2017-06-12,28.703788023714974,28.888575072339577,27.48652097604242,27.960244140625,2073838
2017-06-19,28.204760578299812,28.499293594511506,27.92226453438298,28.0999658203125,893487
2017-06-26,28.254659234780195,28.389395334981373,27.39135014830599,27.42129150390625,473272
2017-07-03,27.486164843679532,27.760627274035805,27.321487385465762,27.66082275390625,1015244
2017-07-10,27.76561786260684,28.300510156294617,27.666712459055105,27.87789794921875,1766219
2017-07-17,27.855442330821592,28.399376980420225,27.805540069390528,28.11992431640625,1075031
2017-07-24,28.035097478137573,28.18480429984354,27.780595881237428,27.9078466796875,4007657
2017-07-31,27.910340145291396,28.484216261277183,27.770613786616597,28.45177978515625,1739642
2017-08-07,28.564056732172293,28.648890583403414,27.81069334202581,28.0001611328125,782272
2017-08-14,28.144873416329407,28.69230215938205,27.997413219094128,28.359453125,1140882
2017-08-21,28.23470272333693,28.743705847723703,28.00694809404984,28.6089697265625,8023118
2017-08-28,28.608971891033114,28.75867870364972,28.254665767840482,28.41934326171875,764916
2017-09-04,28.444286902913582,28.64574290213911,28.159844033884447,28.324521484375,1690857
2017-09-11,28.559655796514186,28.684414034311295,27.612869915903726,27.661396484375,2380724
2017-09-18,27.79613604074108,28.08557515929817,27.707806231611112,28.01072021484375,808987
2017-09-25,27.751225213716747,28.2802001953125,27.688098026363228,28.2802001953125,1400570
2017-10-02,28.25025678341155,28.998806247730883,28.25025678341155,28.99381591796875,528643
2017-10-09,28.908984721896548,29.11678276716153,28.674439187298045,28.76426513671875,3107736
2017-10-16,28.72932919209296,29.083642614472428,28.59958061488358,28.826640625,1520074
2017-10-23,28.814168779260427,29.00879167195027,28.464845638535067,28.74679931640625,746083
2017-10-30,28.749291942422623,29.328170238781073,28.667251207306393,29.13354736328125,734737
2017-11-06,29.108588201544634,29.113578530397977,28.330096900423264,28.37001953125,515224
2017-11-13,28.62951943078344,28.67443239485474,28.268468615606743,28.35255615234375,837262
2017-11-20,28.300161334226924,28.694397402892754,28.280200014294472,28.67194091796875,420166
2017-11-27,28.62453075936999,28.76925031864853,27.935865270389332,28.01072021484375,1140639
2017-12-04,28.370020382903345,28.414933343931683,28.0107166946766,28.325107421875,1024228
2017-12-11,28.42023121241604,28.510058106502697,28.03597172104536,28.28050048828125,913978
2017-12-18,28.495090128402108,28.669753553007023,28.31543632023705,28.420234375,529849
2017-12-25,28.420235293889792,28.530023735762587,28.255552631080594,28.30795166015625,206919
2018-01-01,28.307953721400366,28.979160380814797,28.12081431821791,28.9716748046875,658036
2018-01-08,29.06399044661279,29.15381734016345,28.914278957361695,29.0240673828125,578488
2018-01-15,29.04901596420849,29.193737053877282,28.80947760889462,29.13634765625,482673
2018-01-22,29.06898336711475,29.168791035328017,28.59489694310172,28.9392333984375,3561488
2018-01-29,28.969179446971626,29.054015975929165,28.14576607767786,28.163232421875,1812301
2018-02-05,27.871283523936018,28.02598536623539,26.873207122004555,26.9031494140625,2321435
2018-02-12,27.337319834469763,27.87628123317782,27.172637184864524,27.81140625,657893
2018-02-19,27.91120349614307,27.91120349614307,27.48702107218953,27.6666748046875,397985
2018-02-26,27.696621150359714,27.976082552957937,27.082804141081468,27.11773681640625,1041227
2018-03-05,26.98300147655829,27.82138583906278,26.98300147655829,27.76898681640625,972021
2018-03-12,27.941497784943735,27.951478673597045,27.013275140185826,27.56471923828125,307447
2018-03-19,27.452433432745657,27.457423876925397,26.249736385428495,26.3645166015625,548198
2018-03-26,26.414413178503523,26.968352317519944,26.17986237189297,26.9034765625,325693
2018-04-02,26.90347599501594,27.098103255970422,26.289651556621028,26.85856201171875,2619191
2018-04-09,26.94839439081032,27.162983457255663,26.848585522696208,26.9284326171875,2437517
2018-04-16,26.958375681692793,27.67699954288564,26.84858592512166,27.55972412109375,1273898
2018-04-23,27.592156110491068,27.946477521929822,27.25779646871084,27.876611328125,879652
2018-04-30,27.966444459418845,28.28583283297395,27.831702489325284,28.27834716796875,468895
2018-05-07,28.278347844933094,28.67508809970627,28.255890849379895,28.67009765625,2005168
2018-05-14,28.555313959290245,28.67009414472605,28.32575358841864,28.520380859375,409589
2018-05-21,28.62019116344348,28.844761102825338,28.18103217087451,28.31078369140625,401656
2018-05-28,28.31077791973861,28.31077791973861,27.582173376061213,27.9215234375,828461
2018-06-04,28.176043902094044,28.24091966736631,27.76682753653051,27.90905517578125,1202207
2018-06-11,28.171293288992114,28.455801389182152,27.63222530968468,27.7021044921875,645836
2018-06-18,27.542384262787454,27.59229797112886,27.048238550207543,27.37517333984375,758952
2018-06-25,27.407616467311946,27.407616467311946,26.75374690671864,27.29281494140625,1144396
2018-07-02,27.013299307126694,27.627237927743213,26.928446001838232,27.57732421875,409839
2018-07-09,27.65219509714778,27.856841306350496,27.482488484638207,27.7046044921875,500074
2018-07-16,27.7370533886736,28.33102663921385,27.647208695314575,28.18627685546875,273113
2018-07-23,27.99160046575702,28.54065111683285,27.99160046575702,28.5331640625,648023
2018-07-30,28.480759337099197,28.705371003795563,28.136354781498103,28.4483154296875,255056
2018-08-06,28.350995560827872,28.840150061701312,28.176297524801644,28.17130615234375,199600
2018-08-13,28.081453228337182,28.226202987246133,27.667169435597756,27.97164306640625,228298
2018-08-20,28.021557651738718,28.555634365086785,28.021557651738718,28.56811279296875,196568
2018-08-27,28.568118363839485,29.064759890388277,28.206243884695887,28.16880859375,270765
2018-09-03,28.326027233905524,28.540656162726307,27.357701368993162,27.53489501953125,384195
2018-09-10,27.5229746931481,27.812480049006382,27.353264656955307,27.755078125,396349
2018-09-17,27.55292600429787,28.476348343210024,27.55292600429787,28.45388671875,380544
2018-09-24,28.201820061729254,28.371530129357357,27.81248520070007,28.0296142578125,506849
2018-10-01,27.807484412715517,28.166870317887927,27.16857613685345,27.141123046875,284602
2018-10-08,26.983904304231757,27.003870197168666,25.79094220125148,25.84085693359375,911625
2018-10-15,25.970629919178332,26.42485389047282,25.775962502909266,26.13784423828125,994548
2018-10-22,26.389910493041672,26.409876379550496,25.32173556481944,25.588779296875,621521
2018-10-29,25.870801865288207,26.49972739780341,25.731040635840383,26.26013671875,775072
2018-11-05,26.17528031420145,26.31005006410295,25.89575786996131,26.127861328125,361181
2018-11-12,26.39989691127232,26.39989691127232,25.68611637462798,26.2052294921875,387025
2018-11-19,26.305059184603397,26.36495685257593,25.52638950096049,25.78095458984375,204816
2018-11-26,26.010562928919008,26.379931890104963,25.945673787089046,26.13285400390625,201139
2018-12-03,26.694391728799115,26.749297919714746,25.157018383161468,25.53387451171875,836502
2018-12-10,25.32702988156244,26.090734172433358,25.32702988156244,25.73633544921875,214857
2018-12-17,25.706385029957705,25.706385029957705,24.713070346275845,24.89526123046875,344430
2018-12-24,24.693103086340933,25.027535652903463,24.2987721496478,24.8902685546875,1255813
2018-12-31,25.0325279424127,25.33701133313796,24.57330709082706,25.2821044921875,316796
2019-01-07,25.41687490868803,26.030833198901824,25.187264491209703,25.6240234375,180856
2019-01-14,25.596570035723794,25.806214330088146,25.30206971745006,25.78375244140625,501520
2019-01-21,25.936000580658785,25.936000580658785,25.302076009114586,25.4867626953125,158671
2019-01-28,25.436844322584733,25.89606521694851,25.307064504612363,25.84614990234375,600606
2019-02-04,25.81620144893426,26.32034614080247,25.516709552774934,25.59906982421875,860138
2019-02-11,25.8062155963809,26.529987600534714,25.77127487893899,26.5025341796875,258914
2019-02-18,26.480073163730207,26.584895319515002,26.235488133565692,26.4052001953125,247451
2019-02-25,26.549955482839025,26.554947014232674,26.000887029537218,26.46759521484375,200116
2019-03-04,26.48506046248071,26.594874131944444,25.980915889033568,26.28040771484375,275040
2019-03-11,26.395625952118685,26.6551895961259,26.146045525188665,26.622744140625,325102
2019-03-18,26.769998747782896,27.20926033454495,26.255863026913676,26.2957958984375,282632
2019-03-25,26.215932632177992,26.9197495592795,26.210941022765923,26.82740478515625,409921
2019-04-01,26.954690346244792,27.588624730313885,26.849866550453843,27.57364990234375,257682
2019-04-08,27.299110028545673,27.628556227463942,27.299110028545673,27.57864013671875,321292
2019-04-15,27.523731669907026,27.992942909836525,27.523731669907026,27.90059814453125,1099885
2019-04-22,27.900598809656557,28.097767367305977,27.798270824041037,27.97796875,367522
2019-04-29,28.137700667414958,28.24751606828122,27.563665617432218,27.5686572265625,560975
2019-05-06,27.568656043953673,27.568656043953673,26.95468814726595,27.111923828125,337655
2019-05-13,27.25918016245974,27.99294677734375,26.720086322953122,27.99294677734375,266427
2019-05-20,27.938032693340496,28.08778094790548,27.603594924812032,27.883125,132549
2019-05-27,27.883127877371653,27.972976839382518,27.27914318829862,27.3939501953125,219686
2019-06-03,27.23421539646264,28.27746155076262,27.144366445374605,28.2574951171875,357160
2019-06-10,28.40294017037429,28.662555724752824,27.748908677612995,27.836279296875,124340
2019-06-17,27.883704864352254,28.612625349615538,27.843764015844677,28.49779541015625,1345092
2019-06-24,28.308077068327194,28.612626045605495,28.258151006478293,28.6350927734375,315562
2019-07-01,28.732448098288934,29.30160519354609,28.732448098288934,29.0369970703125,217584
2019-07-08,28.977084395612742,29.071943906900927,28.682520650033634,28.76240234375,135059
2019-07-15,28.667536028519418,29.27663379854369,28.667536028519418,28.79734375,223398
2019-07-22,28.80234017161211,29.35651936368161,28.80234017161211,29.15431884765625,171927
2019-07-29,29.271652246161285,29.77590550846084,28.832302869108208,28.877236328125,296902
2019-08-05,28.677521662300833,28.970288687201986,28.252050813197844,28.8272998046875,255611
2019-08-12,28.957108022425135,29.122063881079956,27.806232161529493,28.2606396484375,1330729
2019-08-19,28.55770753249447,28.84727869278899,28.201864887887186,28.20822509765625,65076
2019-08-26,28.20822322568414,28.897202837214124,28.08340807866784,28.597646484375,544084
2019-09-02,28.742434822231502,29.226717639281432,28.742434822231502,29.1468359375,457772
2019-09-09,29.097522115183402,29.37212124290047,28.772995873335955,29.07755126953125,570320
2019-09-16,28.91279832944939,28.957732742325415,28.658169989818603,28.84789306640625,4057092
2019-09-23,28.88284578196952,29.038868069037203,28.353618184235938,29.0026708984375,91646
2019-09-30,29.062570887605908,29.199341428007457,27.749487887530258,28.3585986328125,1872923
2019-10-07,28.46844774540918,28.847893909676294,28.328651790152872,28.40354248046875,243698
2019-10-14,28.51337915898,28.594659440329483,28.19384558059185,28.31117431640625,168574
2019-10-21,28.178866371710956,28.63320316119106,28.167484061067057,28.62821044921875,633688
2019-10-28,28.583282534325594,28.867867181392242,28.49341369840981,28.738056640625,106887
2019-11-04,29.047597919418095,29.357146058126233,28.88004221502082,29.17990478515625,1038286
2019-11-11,29.252298697625925,29.252298697625925,28.903808386010514,29.067568359375,1928274
2019-11-18,29.092542336633965,29.182411182019138,28.663168964238128,28.98270263671875,2437807
2019-11-25,29.092535242065555,29.27726560141967,28.887834033051536,28.94774658203125,138792
2019-12-02,29.007661656883997,29.152450329525934,28.32221191471784,28.60824462890625,247352
2019-12-09,28.518755266391643,28.848278699091548,28.094369027308435,28.4413671875,64190
2019-12-16,28.563681986032957,29.5073169965836,28.53871809686495,29.50232421875,157787
2019-12-23,29.567226974194554,29.8863941615842,29.535922163216323,29.66708251953125,59888
2019-12-30,29.64212697930056,29.662098093991013,29.232719128146332,29.6171630859375,118700
2020-01-06,29.212743645725915,29.746970883820712,29.15283031061248,29.6546044921875,89283
2020-01-13,29.781918027859437,30.06650634765625,29.593689339438455,30.06650634765625,353828
2020-01-20,30.101454607447977,30.160368404956277,29.397473001932937,29.70452880859375,55166
2020-01-27,29.352543169050932,29.563636759623655,28.703482000148632,28.73593505859375,1243692
2020-02-03,28.848274570429048,30.19772168933249,28.814722025779552,30.12143310546875,269339
2020-02-10,30.136400015687492,30.320133222208643,29.761941764995548,29.96165283203125,63297
2020-02-17,30.05651982313558,30.435222474928246,29.801888176793405,29.93419677734375,155397
2020-02-24,29.187775662999574,29.187775662999574,26.762534125486397,27.15571533203125,420701
2020-03-02,27.909627316391756,28.438861752087195,26.848701062228994,26.91107177734375,470921
2020-03-09,24.754550746604767,25.91289196750277,21.898640495080375,22.51775390625,302483
2020-03-16,20.82019108692753,23.626173674662127,20.66041983638036,22.8123388671875,252198
2020-03-23,22.098359230994575,24.736232674046015,22.006491257246854,23.701064453125,512998
2020-03-30,23.855844004153692,24.51732611551238,22.913123934853093,23.251708984375,399913
2020-04-06,23.73601563485332,24.934000111219444,23.73601563485332,24.7420751953125,154081
2020-04-13,24.742075976532956,25.180049989315084,23.90078048626037,24.75455810546875,387881
2020-04-20,24.88935852640223,24.944279879218765,24.260259394140107,24.557333984375,304053
2020-04-27,24.884376977150133,25.917897449515717,24.519898742934245,24.7595556640625,166915
2020-05-04,24.604765113771563,25.17894287109375,24.541057517158357,25.17894287109375,139256
2020-05-11,25.523453081328608,25.63329579803229,24.380090257458452,25.009189453125,178780
2020-05-18,25.40861774269352,26.312323738257973,25.40861774269352,25.977802734375,806155
2020-05-25,25.97780058877436,27.399963314254883,25.97780058877436,27.15611328125,187232
2020-06-01,27.45568407402664,28.668698041697684,27.11617025023435,28.62900390625,497587
2020-06-08,28.486939784940436,28.706646244280904,26.892229590571386,27.1137744140625,354650
2020-06-15,26.764241754236355,28.55684675232793,26.503788949793492,28.36210693359375,354887
2020-06-22,28.002591466131907,28.651724292557933,27.50565522332965,28.012578125,118086
2020-06-29,27.807841947863214,28.616761034872344,27.720707404280997,28.33963134765625,187165
2020-07-06,28.876416487113506,29.02621633055349,27.98116249438316,28.31217041015625,269641
2020-07-13,28.601789507221753,29.3905867895841,28.49513267875224,29.3857421875,441222
2020-07-20,29.23094739034993,29.7384700225969,28.881414367233344,28.93134765625,201904
2020-07-27,28.951320559212377,29.061173793483277,27.74792831106298,27.73045166015625,111185
2020-08-03,27.683013289098298,28.530460134170657,27.613106689883402,28.33214599609375,171357
2020-08-10,28.3071876310509,29.285880306246877,28.2151109188808,28.74410400390625,514500
2020-08-17,28.641738404800343,29.02622478157329,28.192338743637162,28.41703857421875,107185
2020-08-24,28.686668329188787,29.202080699613546,28.22508539803287,28.51190185546875,288320
2020-08-31,28.51191266617174,29.036780374908535,28.022566354212923,28.1124462890625,217304
2020-09-07,28.357118307223924,29.810177195655363,28.342138318683393,29.75275390625,128140
2020-09-14,29.86620853034526,29.87844361547203,29.0173111134988,29.3643603515625,188784
2020-09-21,29.05225770901055,29.102192837420674,27.907724084645483,28.13095458984375,176377
2020-09-28,28.40310871165509,28.837544446168803,28.148439487974642,28.40560546875,96223
2020-10-05,28.74766232926878,29.27198133996415,28.6211762197132,29.1621240234375,149264
2020-10-12,29.17210780654576,29.461731608801777,28.393119648753714,28.99234130859375,477838
2020-10-19,28.922435063161114,29.174907440831586,27.958686795345148,28.5604052734375,519886
2020-10-26,28.24331567716126,28.661073845932368,26.440657091684738,26.70031982421875,169846
2020-11-02,26.79519651260681,28.882485394878458,26.73527434373777,28.70771240234375,274709
2020-11-09,29.082226908995818,30.07582652113787,29.082226908995818,29.83624755859375,160702
2020-11-16,30.245716596635784,30.30064525481029,29.841241931896228,29.99104736328125,170062
2020-11-23,30.13585871758339,30.56809760679084,29.831254346121483,30.5977587890625,139095
2020-11-30,30.510372436992057,30.727890212945002,30.20077454974271,30.5677978515625,198199
2020-12-07,30.620529470524733,31.11489222616432,30.620529470524733,30.86271728515625,424704
2020-12-14,30.80029522513576,31.204773810290753,30.675456155643477,31.03499267578125,161591
2020-12-21,31.010031534532853,31.204780524846342,30.49399742608499,30.69543701171875,67667
2020-12-28,30.695431943915523,31.654196045628847,30.695431943915523,31.03998779296875,29926
2021-01-04,31.30963908008441,31.898879496583604,31.11988369172026,31.8364599609375,99778
2021-01-11,31.97379842832372,31.97379842832372,31.010040331077665,31.19480224609375,218238
2021-01-18,31.10990497403295,31.46944159652579,31.10745695720771,31.3695703125,310441
2021-01-25,31.544340810210688,31.544340810210688,30.17111083984375,30.17111083984375,155498
2021-02-01,30.22604296497615,31.22310750114122,30.191088016891758,31.012529296875,172443
2021-02-08,31.13986393841692,31.314638671875,30.980069896398103,31.314638671875,202438
2021-02-15,31.40951798088807,31.549337774761653,30.650496242717164,30.93512939453125,129867
2021-02-22,30.590576007584428,30.718760417676812,30.079584164171948,30.2759814453125,289975
2021-03-01,30.35587447451867,31.01003133521319,30.149441326357593,30.2160546875,292790
2021-03-08,30.336273852222806,31.25734901882297,30.26471481118186,31.22513916015625,193116
2021-03-15,31.23512789667869,31.62463069059411,31.065344627536074,31.32001953125,79711
2021-03-22,31.215150559832907,31.529748941734915,31.160220683627795,31.51476806640625,352140
2021-03-29,31.414900526684534,31.812742311881138,31.35527692605319,31.80939697265625,35843
2021-04-05,31.80939546382588,32.87803135538926,31.80939546382588,32.76068115234375,337363
2021-04-12,32.73820732455707,33.207608100717586,32.56343043981645,33.15267822265625,236595
2021-04-19,33.17265597432776,33.21260498046875,32.398643980346,33.21260498046875,186390
2021-04-26,33.10773811175968,33.36241302031167,32.927967588075916,33.0303369140625,93378
2021-05-03,33.03033500123626,33.52220710005277,32.43859039504585,33.48974853515625,70905
2021-05-10,33.37240033491407,33.42950761360306,31.924248891381964,33.087763671875,108818
2021-05-17,33.13270344991033,33.302486707980705,32.50850029523983,33.28251220703125,61134
2021-05-24,33.457293466403875,33.78254724181326,33.36955633729345,33.6894970703125,97583
2021-05-31,33.68949764312331,34.05153552634075,33.58378297135085,33.93668212890625,179649
2021-06-07,34.006588332753495,34.43104648374968,33.988262118008045,34.3136962890625,243018
2021-06-14,34.54502324772561,34.829693816631256,33.632729377864095,33.6410693359375,99238
2021-06-21,33.55616266685865,34.085549962987095,33.42131873293914,34.0755615234375,422460
2021-06-28,33.95071492973573,34.1854433206886,33.64020508643443,33.97568603515625,123657
2021-07-05,33.93572714053883,34.0655768691119,33.513815504626315,33.9606982421875,170330
2021-07-12,33.85082459516205,34.14048936744287,33.65964691843371,33.7659228515625,151847
2021-07-19,33.69600324495291,34.33346618567638,33.104688068789116,34.32028076171875,137621
2021-07-26,34.24037463128693,34.300305275332356,33.760929478923515,34.23288330078125,32138
2021-08-02,34.4701151714983,34.743000104225295,34.35684535531611,34.594970703125,99994
2021-08-09,34.55500894824247,35.211848874788984,34.51006096724316,35.18927490234375,113993
2021-08-16,35.069411912417706,35.16190496191464,34.46810832803892,34.98950439453125,105748
2021-08-23,35.249205543676155,35.26119118422583,34.9263784728954,35.18927490234375,43300
2021-08-30,35.18927724519145,35.507110117021995,34.999496868336884,35.1343408203125,328089
2021-09-06,35.34409961585677,35.535277309771715,34.63991450269641,34.6124462890625,36189
2021-09-13,34.6953424063371,34.85016543996261,34.13837893105307,34.27082763671875,460268
2021-09-20,33.95617966895141,34.91588327107506,33.483119419868295,34.4456201171875,168841
2021-09-27,34.705332756546476,34.715321339869696,33.42939122038243,33.4542626953125,99342
2021-10-04,33.44177358047537,33.71645959405455,32.84545570417451,33.566630859375,109561
2021-10-11,33.36186085510699,34.22087882922053,33.19704926705033,34.1909130859375,98576
2021-10-18,33.96117740452393,34.686149436652556,33.96117740452393,34.54051513671875,69583
2021-10-25,34.49557043101555,34.79522791268066,34.38070172971059,34.815205078125,174617
2021-11-01,35.10986456451215,36.341057238506906,34.65738132720881,36.1062255859375,90608
2021-11-08,36.273539106326155,36.273539106326155,35.87819021146215,36.22359619140625,147881
2021-11-15,36.24856420828336,36.26554431002066,35.505812175101575,35.65674072265625,58894
2021-11-22,35.67922160830115,35.72417023574721,34.10102535575031,34.26333984375,97170
2021-11-29,34.405668831403865,34.900103613565136,33.98415118160827,34.36072021484375,231075
2021-12-06,34.485581715364034,35.87898899973573,34.319372772500074,35.4344970703125,278038
2021-12-13,35.61019175214503,35.61019175214503,34.73616881292688,34.87101806640625,440397
2021-12-20,34.44149980416195,35.40042787295532,34.23473142706441,35.26557861328125,205111
2021-12-27,35.26557665383545,35.77500716207667,35.26557665383545,35.49531982421875,240562
2022-01-03,35.49531993249782,35.86490677293751,34.95232586903802,35.0782861328125,58952
2022-01-10,35.17068218918745,35.17068218918745,34.38296171899717,34.56885498046875,99967
2022-01-17,34.75114591276356,34.8610230628183,33.92586745696809,34.07939697265625,153111
2022-01-24,33.827190346619666,33.94705636881351,32.692457694379144,33.11548583984375,242140
2022-01-31,33.4975575205523,34.30165872240244,33.23405322894737,33.43762451171875,260722
2022-02-07,33.50754260340996,34.32422974321526,33.425634654911676,33.6024365234375,117408
2022-02-14,33.10798667893767,33.744274847544524,32.556003674804835,32.783349609375,106630
2022-02-21,32.94316609205294,32.99071302725875,30.72924256451324,32.41875244140625,726924
2022-02-28,31.719544121739823,32.37880720221056,29.44208984375,29.44208984375,319375
2022-03-07,28.67794813359222,31.25187070923048,28.176908998148757,30.67571533203125,667888
2022-03-14,30.980456467055543,32.50375796994962,30.63084628606346,32.52623291015625,575720
2022-03-21,32.64860638974566,32.651803509489596,31.984346844107577,32.08173828125,128486
2022-03-28,32.13417677027358,33.59394834046141,32.13417677027358,32.87834716796875,197446
2022-04-04,33.028171794738675,33.105685460448015,32.02928560708591,32.693544921875,366594
2022-04-11,32.63861789451974,32.803434174629786,31.984347206810167,32.2090966796875,250546
2022-04-18,32.20908506748801,32.968238568846076,31.76757786101453,32.4088623046875,205164
2022-04-25,31.79456184820131,32.48878806511931,31.477515325245562,32.21409423828125,169888
2022-05-02,32.2140846672037,32.54012009760375,31.34365617808656,31.55731689453125,54038
2022-05-09,31.335065022773584,31.559814453125,30.486011619223774,31.559814453125,400383
2022-05-16,31.439946655175547,31.84209838174206,30.705765216206395,31.14028076171875,104251
2022-05-23,31.32008352419139,32.38889198762257,31.278330754901077,32.37390869140625,43145
2022-05-30,32.76347352875505,32.80842341621828,32.15415283203125,32.15415283203125,15274
2022-06-06,32.573690041992656,32.876753095901286,30.856405084249683,30.96048828125,156806
2022-06-13,30.646996426678566,30.67696903932079,28.867223761221123,29.0859228515625,81502
2022-06-20,29.198325728413415,29.897886836294784,28.948553908666508,29.877705078125,71651
2022-06-27,30.06253066376642,30.407215711257262,29.143370537124177,29.657900390625,383716
2022-07-04,29.777792917080028,29.840335871101058,29.08022957634463,29.7403271484375,411341
2022-07-11,29.41312526267126,29.71784683893195,28.828659288531902,29.71534912109375,169920
2022-07-18,29.762806940725323,30.791866730888028,29.67288909498295,30.57706298828125,112017
2022-07-25,30.457170109548525,31.176512818384836,30.217389206603087,31.036640625,180346
2022-08-01,31.066617068441584,31.36134779798621,30.64560278767944,30.97669921875,139755
2022-08-08,31.161528047778038,31.76098033468624,30.981692361705576,31.54867431640625,28952
2022-08-15,31.57115900421203,31.8009490855718,31.25145106492887,31.4287890625,169122
2022-08-22,31.171520944148934,31.281420537221255,30.394162310151927,30.5221142578125,365379
2022-08-29,30.5221142578125,30.80010978608943,29.6978673097701,30.5221142578125,238306
2022-09-05,29.87270548910954,30.974299067355314,29.75281503229706,30.8618017578125,91634
2022-09-12,31.232035924793077,31.63427587083675,30.277890233552597,30.25291259765625,97245
2022-09-19,30.2529087562973,30.467716397730715,28.964062907696785,29.37619384765625,64334
2022-09-26,29.823294383081898,29.93819149712057,28.60938139562982,28.8291845703125,116630
2022-10-03,28.454521083047947,29.863259661948845,28.246106628542893,29.173876953125,186799
2022-10-10,28.91410953464586,29.14390377075396,27.670223343538943,28.846669921875,118446
2022-10-17,28.56941885042417,29.880844693160633,28.56941885042417,29.43364501953125,95699
2022-10-24,29.70839630269654,30.30286396034256,29.301360898206614,29.913212890625,142077
2022-10-31,29.968164512423865,31.205955038247424,29.870202917344912,31.0646826171875,27354
2022-11-07,30.927305120168523,32.51348482067003,30.827394588363745,32.50089599609375,116860
2022-11-14,32.58082131260328,32.7206960437828,31.858967789194637,32.12123291015625,319406
2022-11-21,31.981358524079774,32.35477410509742,31.96137641940993,32.266103515625,865413
2022-11-28,32.101253159555746,32.64077001938022,32.0962576330759,32.30107421875,734581
2022-12-05,32.28109183052857,32.440948676485995,31.861467609890312,32.03631103515625,220313
2022-12-12,31.94186276200608,32.63625108291926,31.467280816058228,31.5122412109375,92049
2022-12-19,31.67709820474077,32.322211129255614,31.26371232294889,31.94436279296875,139923
2022-12-26,31.944353217966327,32.36897907198574,31.91937522655342,32.2465869140625,39025
2023-01-02,32.24658943985673,33.470511114955855,32.24658943985673,33.3855859375,26828
2023-01-09,33.50548577221477,34.35973328482081,33.38059578499166,34.26481689453125,277032
2023-01-16,34.324758620103054,34.52957816651904,33.7302823756274,33.840185546875,321740
2023-01-23,34.13493850612068,34.38471853323997,33.992563890662694,34.164912109375,100810
2023-01-30,34.050009018220756,35.5736669921875,33.86517182137889,35.5736669921875,76946
2023-02-06,35.28392112176048,35.31389472033482,34.38970876429267,34.624501953125,172460
2023-02-13,34.85928880037442,35.59364183185264,34.73939442788818,35.3988134765625,238338
2023-02-20,35.50872039128388,35.50872039128388,34.58953010540934,34.65197509765625,78798
2023-02-27,34.72940520265004,35.20273822091113,34.51459443974527,35.2514453125,68864
2023-03-06,35.343863137475545,35.44377511807618,34.2398357518385,34.47462890625,263139
2023-03-13,34.48527259962093,34.48527259962093,32.75676263011943,32.9266162109375,180770
2023-03-20,32.32213877405643,34.12058853582773,32.32213877405643,33.42119140625,132966
2023-03-27,33.765897008290324,34.95487222473848,33.62102187687437,34.87743896484375,103837
2023-04-03,34.96985901805536,34.96985901805536,34.50026376838433,34.8799365234375,318632
2023-04-10,34.87993411883637,35.849098716237435,34.87993411883637,35.789150390625,118675
2023-04-17,35.72421198454307,35.9939794921875,35.54436697944678,35.9939794921875,130119
2023-04-24,35.94401755470065,36.14884100428269,35.426963236853325,35.6143017578125,198172
2023-05-01,35.61430258977314,35.85409590220252,35.054784860771235,35.37450927734375,61344
2023-05-08,35.37451080917615,35.584329966637725,35.081413819267844,35.46693115234375,55518
2023-05-15,35.62429193896884,35.839106769059384,35.16468811644954,35.75168212890625,96668
2023-05-22,35.87407613450689,35.87407613450689,34.750045062196065,35.18467041015625,194203
2023-05-29,35.184673284393796,35.239625919084745,34.066886737839326,34.884931640625,154142
2023-06-05,34.934888811566175,35.02606022881358,34.430323707895624,34.41783447265625,76705
2023-06-12,34.646612137056856,34.97638952399741,34.05701014222376,34.23189208984375,324718
2023-06-19,34.15694660144572,34.15694660144572,33.35748617777232,33.42743896484375,160722
2023-06-26,33.46241704477109,34.38179657832908,33.18760251028364,34.33432861328125,385427
2023-07-03,34.51170624319227,34.51170624319227,32.90279218349806,33.04269775390625,133077
2023-07-10,33.032702660764116,34.3018459788452,32.950468130668995,34.244384765625,27661
2023-07-17,34.291857275432704,34.8439846583462,34.05201913624856,34.7865234375,265878
2023-07-24,34.68158953741306,34.961400661760436,34.120718131913186,34.9314208984375,61829
2023-07-31,34.9813903153565,35.01386839520935,33.903367895625294,34.26687255859375,141323
2023-08-07,34.111977100834,34.83149148526641,33.927101877056224,34.26687255859375,50498
2023-08-14,34.19692215408087,34.38679401875871,32.94776514962146,33.18510498046875,205987
2023-08-21,33.52237156592689,33.93334414921762,33.237563818236055,33.63229736328125,22493
2023-08-28,33.63230131236672,34.45174826159093,33.63230131236672,33.9745703125,95771
2023-09-04,34.07700190976718,34.196920978071354,33.42244366194028,33.76221435546875,100093
2023-09-11,33.82789702481665,34.39252809775672,33.5081059746559,34.19265869140625,177112
2023-09-18,34.12769880300433,34.292591051979315,33.677992669436186,33.83788818359375,325529
2023-09-25,33.76293735810008,33.83788838079825,32.9672073337879,33.5280908203125,152594
2023-10-02,33.38818539569199,33.651763183722935,32.51375671502062,33.05090576171875,49367
2023-10-09,32.868519903858754,33.882857018556734,32.868519903858754,33.368193359375,70031
2023-10-16,33.4281573041104,33.533088739594156,32.46378744466446,32.4687841796875,196819
2023-10-23,32.45379511726323,32.678648201216554,32.153991005325466,32.2164501953125,462851
2023-10-30,32.30888692291965,33.59304775483897,32.29389671865599,33.220791015625,97792
2023-11-06,33.323224572779424,33.70797315459139,33.02841721788454,33.4681298828125,66343
2023-11-13,33.59804547910337,34.55866776395727,33.47062873910974,34.537431640625,66653
2023-11-20,34.577405594018714,34.6248745756868,34.407516606996076,34.5749072265625,191259
2023-11-27,34.60738935579993,34.70232732833245,34.107715816155114,34.6248779296875,265886
2023-12-04,34.572406859814265,35.22697909548932,34.52243951357953,35.192001953125,62154
2023-12-11,35.14260171743704,35.984565088599865,35.13260808691879,35.60480712890625,431647
2023-12-18,35.55234163488661,35.942093236786974,35.51236711161477,35.8171728515625,37878
2023-12-25,35.817169602763386,36.2169147992228,35.817169602763386,36.1644482421875,33327
2024-01-01,36.1644483790615,36.20692130634606,35.29875018470262,35.51736083984375,437179
2024-01-08,35.51236243246845,35.75220954049695,35.302496212943524,35.51486083984375,80430
2024-01-15,35.462395820922154,35.6172970848997,34.72286720580359,35.05765380859375,23850
2024-01-22,35.28251423233107,36.0020556640625,35.022679826428046,36.0020556640625,85866
2024-01-29,35.992067128705564,36.26189520380623,35.8621499073608,35.9870703125,39021
2024-02-05,36.0420279638165,36.38680821191068,35.96957414356482,36.10198974609375,61454
2024-02-12,36.20692290677687,36.7178179823053,35.71723501761538,36.67662353515625,78574
2024-02-19,36.49174338694992,37.168811883311925,36.49174338694992,37.10885009765625,33497
2024-02-26,37.09136019116788,37.326210511656214,37.01640796122479,37.29872802734375,49428
2024-03-04,37.25125882130749,37.845879854135866,37.05138620523072,37.60603271484375,167950
2024-03-11,37.461449202541495,38.15601255310216,37.40273611355525,37.93365234375,27016
2024-03-18,37.86619336549365,38.39586036163278,37.706293894961085,38.2809326171875,205401
2024-03-25,38.27094278378266,38.56575746249308,38.096052720140875,38.3958642578125,79065
2024-04-01,38.39586338858713,38.568255018845626,37.83621519760304,38.0061083984375,122099
2024-04-08,37.961137895193716,38.23846357022113,37.47644257127193,37.5963671875,42789
2024-04-15,37.77125404481982,37.97112838822408,37.056703267149594,37.48643310546875,62979
2024-04-22,37.82122395651753,38.35089098510662,37.37400509747297,38.07106689453125,270940
2024-04-29,38.086059843940575,38.151019011871725,37.307550176530135,37.89617919921875,139823
2024-05-06,37.89617670378672,39.34026888039463,37.89617670378672,39.29030029296875,43150
2024-05-13,39.25032052469351,39.65006917421299,39.18536136914659,39.2553173828125,75092
2024-05-20,39.30529249397999,39.43521082665778,38.81560031696372,39.00548095703125,21912
2024-05-27,39.005478464821174,39.39523343795159,38.24595595307984,38.90054443359375,25558
2024-06-03,39.25532476277112,39.665067205559716,38.73565142069778,39.39523681640625,119893
2024-06-10,38.93249335932272,39.22636024064821,37.14204846253487,37.3432080078125,74047
2024-06-17,37.4281707756401,38.02290335973693,37.250750550972555,37.7580224609375,37758
2024-06-24,37.952934638773755,38.12285823341667,37.559361607064055,37.6055908203125,64452
2024-07-01,37.992917759744,38.25060219355615,37.37319639665425,37.92294921875,62514
2024-07-08,37.882963666611474,38.26279285377011,37.47314796467715,38.20281982421875,65931
2024-07-15,38.05788848445391,38.21007103698615,37.131054229349076,37.1083154296875,54949
2024-07-22,37.29322862362348,37.793003866502374,36.64352080788091,37.328212890625,98180
2024-07-29,37.49813994389005,37.957933209895366,35.25414889566846,36.54856689453125,318548
2024-08-05,35.598990257782795,36.96837441202012,35.304122866906866,36.80094970703125,79379
2024-08-12,36.94338872634462,37.688053894124025,36.582401138932106,37.63307861328125,192881
2024-08-19,37.65306736647643,38.031107810414284,37.59809208893048,37.94293701171875,38443
2024-08-26,37.94294281045752,38.3277698120915,37.768021446078436,38.2328125,131298
2024-09-02,38.247800149707345,38.31446938762428,36.83843393486121,36.83593505859375,75705
2024-09-09,37.108963443550834,37.559259571731566,36.828225388880035,37.5237841796875,43445
2024-09-16,37.478802328301846,37.79366624971578,37.10396432661861,37.0914697265625,118404
2024-09-23,37.07398315172833,38.02357290622123,36.97624461539713,38.00358154296875,58955
2024-09-30,37.91361475694735,37.978586677833235,37.173934426861905,37.32386962890625,134699
2024-10-07,37.28388739108218,37.7486865234375,37.241705913203106,37.7486865234375,167592
2024-10-14,37.643734883720924,37.964206765696375,37.2838903654485,37.60875,307219
2024-10-21,37.52878314965781,37.65740676833812,37.004009913446055,37.24390625,276051
2024-10-28,37.34386439202697,37.53378233192218,36.52921638668698,36.8740673828125,131760
2024-11-04,36.91404534532222,37.233907097569805,36.0943996051878,36.13438232421875,127654
2024-11-11,36.44924803367821,36.49422859480574,35.61960657288147,36.05941650390625,219751
2024-11-18,36.13938091727236,36.18436147711961,35.57462499919025,36.1643701171875,95440
2024-11-25,36.39927143044322,36.42426063230402,35.799530585783984,36.24433837890625,140341
2024-12-02,35.94446466738965,37.14394624694659,35.94446466738965,37.08397216796875,96634
2024-12-09,37.21962088989026,37.21962088989026,36.544899684017395,36.7748046875,204577
2024-12-16,36.6898422833727,36.82478653369978,35.25543488174786,35.575302734375,384337
2024-12-23,35.72024147418715,36.060101054464845,35.580299294072795,35.950146484375,41485
2024-12-30,35.920156988075945,36.3499793758559,35.580297425645284,36.040107421875,88526
2025-01-06,36.150064288379696,37.19853003147398,36.11008080790036,36.8847607421875,89940
2025-01-13,36.85477312349029,38.07426927783415,36.62585891236515,38.0192919921875,562183
2025-01-20,38.07926741167629,38.83395560949269,37.999949596183775,38.48659912109375,100324
2025-01-27,38.12924735000392,39.02387774398095,38.07427006322321,38.81896240234375,59883
2025-02-03,38.049282011706225,39.238790631013465,37.910918758791176,38.95890625,175231
2025-02-10,38.818961116812325,39.96848616597762,38.818961116812325,39.80855224609375,90746
2025-02-17,39.79855667745438,40.0734431043362,39.48868470533304,39.69110107421875,96731
2025-02-24,39.698596847661904,40.263363490465096,39.433706298382525,39.70609375,62315
2025-03-03,39.93849846326134,40.668196971037105,39.27377311028752,40.393310546875,258174
2025-03-10,40.508696877918226,40.543682797491996,39.13924802603055,39.8064794921875,236797
2025-03-17,39.77899272133786,40.58866690413177,39.70144336120741,39.9089404296875,91915
2025-03-24,40.04388293870922,40.16383465994349,38.984309401139775,39.136748046875,251081
2025-03-31,38.59946537719911,39.014298424759325,36.11516490820027,36.470322265625,144210
2025-04-07,36.87515982856315,37.53489432264967,34.141260068977346,36.80518798828125,194506
2025-04-14,37.42993740218126,37.784794600145595,37.175039978291395,37.54739013671875,92232
2025-04-21,37.547390574932,38.70442497334755,37.35496800759292,38.67693603515625,180700
2025-04-28,38.81437936218262,40.00889863433838,38.649445738830565,39.98390869140625,217082
2025-05-05,39.98391112363773,40.163838723694106,39.50679353769181,39.8989453125,218681
2025-05-12,40.36375462436382,40.743601745643126,39.85395980369949,40.5086962890625,80416
2025-05-19,40.54368474505043,41.173431327628876,39.434131242412214,40.13884765625,85479
2025-05-26,40.13884757539081,40.79358410040342,40.13884757539081,40.59366455078125,243224
2025-06-02,40.49370014780019,41.02848488191703,40.193820857641214,40.9885009765625,84763
2025-06-09,40.94092793255003,41.285851501212534,39.72119821148261,39.9061572265625,80783
2025-06-16,39.99113587438268,40.23608158161327,39.31628545650247,39.47625,100851
2025-06-23,39.37127469688143,40.09611406090477,39.2862935300649,40.08861572265625,588161
2025-06-30,40.291071529664855,40.64599287936785,39.85616790397244,40.35605712890625,189797
2025-07-07,40.41104341121014,41.25085727725211,40.30606667795489,40.9109326171875,124269
2025-07-14,40.64099534420332,41.23586354173839,40.486029679299214,40.8359521484375,134966
2025-07-21,40.77097102732794,41.40583043395749,40.49603191422065,41.36333984375,116055
2025-07-28,41.785742016610804,41.8257331562367,39.516244842841054,39.63621826171875,233645
2025-08-04,39.84117132053045,40.84594866500054,39.821175751486265,40.675986328125,134640
2025-08-11,40.790964223219724,41.175878959149614,40.26608049240623,41.0659033203125,68343
2025-08-18,41.11088867538655,41.880718059628954,40.86594296221851,41.7057568359375,42369
2025-08-25,41.70575942886694,41.70575942886694,40.82095547118872,40.8359521484375,52071
2025-09-01,40.95592465970194,41.31584490570445,40.46603321375409,40.8759423828125,106258
2025-09-08,41.03152165349836,41.271472072524666,40.74158156384157,41.0465185546875,56444
2025-09-15,41.186495496961804,41.796369565493094,40.86656155937162,41.571416015625,196043
2025-09-22,41.55642117550981,41.87635512898421,41.266481030173644,41.581416015625,821750
2025-09-29,41.741374896362935,42.866142483390675,41.536417247171215,42.771162109375,284727
2025-10-06,42.7311718888782,42.941128512571794,42.1262968539514,42.211279296875,170922
2025-10-13,42.3662501697771,42.87114589451428,41.96133379647304,42.5562109375,94512
2025-10-20,42.73117242623041,43.111093940548784,42.63119308035714,43.0411083984375,56887
2025-10-27,43.28605166426726,43.72596072379555,43.041102301575364,43.1060888671875,412115
2025-11-03,43.141085954944764,43.31105083587966,42.4862212666368,42.5362109375,98929
2025-11-10,43.076103084772186,44.68077165738584,42.92113509177834,43.735966796875,59963
2025-11-17,43.66097998196548,43.73096552349829,42.1812856752719,42.401240234375,96023
2025-11-24,42.73616916001214,43.45102144564576,42.39623940180874,43.3610400390625,409380
2025-12-01,43.34605043945313,43.74096890153556,43.19108243534483,43.4910205078125,71326
2025-12-08,43.60688060044643,44.146780073660715,43.346929002232145,43.74185546875,408803
2025-12-15,43.83684338544613,44.21677269292633,43.5468973350007,44.19177734375,85902
2025-12-22,44.03680733801138,44.25176734658608,43.83184546937039,44.0668017578125,33441
2025-12-29,44.21176924772479,44.68668083507597,43.84683718586546,44.5617041015625,42011
2026-01-05,44.81165950477832,45.416546921119036,44.44172835759474,45.4115478515625,116770
2026-01-12,45.42654692881364,45.78647995168968,45.241581347613455,45.6315087890625,78736
2026-01-19,45.021618085863956,45.711489648805234,44.55670464127309,45.1365966796875,268358
2026-01-26,45.201586223449404,45.78147828294068,44.921638332660514,45.276572265625,99785
2026-02-02,44.951633702964344,45.97644296776724,44.951633702964344,45.701494140625,100203
2026-02-09,46.086422513636144,46.611324820169585,45.69149601633956,45.911455078125,142098
2026-02-16,45.971441265970306,47.11122906595304,45.85146360281423,47.051240234375,74560
2026-02-23,47.026249545713014,47.536154664631134,46.71630721852749,47.391181640625,122702
2026-03-02,46.30138337790706,46.43635825927215,44.376741551034435,44.656689453125,345116
2026-03-09,42.972003154876575,44.8516533626748,42.857024551739975,43.7918505859375,151533
2026-03-16,43.782164546045145,44.532030346673906,42.18245083803709,42.2624365234375,107906
2026-03-23,41.417591296313205,43.38208852342118,41.142640479017224,42.3374267578125,488206
2026-03-30,42.39241415786053,44.45366640415373,42.212446361907354,44.2320849609375,242235
2026-04-06,44.232088569601025,46.0417648876611,43.63219586748167,45.6718310546875,260908
2026-04-13,45.27190174368849,46.801628105610824,45.131926782466834,46.731640625,310868
2026-04-20,46.221730102377805,46.576666597864374,45.181916143769264,45.411875,366981
2026-04-27,45.38688133042658,45.93178385989199,44.36206464656961,45.476865234375,89045
2026-05-04,45.47686332749361,46.69664508542573,44.73199659826458,45.7118212890625,126783
2026-05-11,45.69682597239197,46.3717052532445,45.41187694269869,45.8867919921875,330522
2026-05-18,45.52185550206912,47.061580023773196,45.38687965114052,46.886611328125,95583
2026-05-25,46.886609172104755,47.74145618867688,46.851615434584254,47.25654296875,279975
2026-06-01,47.20655318527238,47.371523666593355,46.641654264385394,46.881611328125,83240
2026-06-08,46.466684583596276,47.9114260407947,46.156740049526036,47.7764501953125,266911
2026-06-15,48.51913605686105,48.59913463238761,47.58415270539434,47.714150390625,132288
2026-06-22,47.77915208168251,47.86915048451532,46.989166101261226,47.32416015625,357561
2026-06-29,47.32915744756603,48.324139734917146,47.13916082988089,48.274140625,354411
2026-07-06,48.22914473471348,48.33914278407733,46.55917434891685,47.0841650390625,141909
2026-07-13,47.00416673097136,47.31916114689002,46.439176746863325,46.824169921875,95916
2026-07-20,46.62916994671338,47.509154281971966,46.54917137078078,47.17916015625,79772
2026-07-27,47.67415207203143,48.19914273459706,47.039163365880626,47.4941552734375,118580
2026-08-03,47.94914782722374,48.9911312617732,47.774150937343364,48.6291357421875,98132
2026-08-10,48.62413823243194,48.784135396795726,48.409142042818104,48.489140625,5224377
2026-08-17,48.56413939417076,48.75413602723763,47.809152773299786,48.2191455078125,122453
2026-08-24,48.05414825509085,48.51914001325581,47.924150559259786,48.2091455078125,152878
2026-08-31,48.20914150112828,48.20914150112828,47.30415761690258,47.9841455078125,92400
2026-09-07,47.87415093978584,48.04414792484617,46.824169561472,47.0791650390625,341115
2026-09-14,46.765,47.37,46.12,46.585,289009
2026-09-21,46.96,47.535,46.84,47.165,81391
2026-09-28,47.21,47.21,0.0,46.97,21306
